{
  "skill_weight": 0.5,
  "exp_weight": 0.25,
  "edu_weight": 0.15,
  "count_weight": 0.1,
  "skill_keywords": {
    "kafka": 0.6860698284150002,
    "grpc": 0.6827015056461601,
    "go": 0.677137573432115,
    "mlops": 0.6749873469695701,
    "microservices": 0.6712621716007413,
    "redis": 0.6663661186211969,
    "node.js": 0.6660125689192382,
    "k8s": 0.6655694119069729,
    "llm": 0.6654009240250551,
    "transformer": 0.664517072569124,
    "rag": 0.6633859008630435,
    "tensorflow": 0.6633406423772407,
    "pytorch": 0.6624643924017836,
    "deep learning": 0.6621553825884513,
    "cv": 0.6577646868500101,
    "java": 0.6571149948024686,
    "html": 0.656282452202818,
    "scikit-learn": 0.6547183207415006,
    "css": 0.654652959056546,
    "webpack": 0.6540336033578072,
    "pandas": 0.6527111981792474,
    "react": 0.6516669653241294,
    "statistics": 0.6511447531572395,
    "ansible": 0.6497618230569209,
    "next.js": 0.649415882140524,
    "nlp": 0.6491299724696886,
    "spark": 0.648301053748487,
    "vue": 0.6481344421572568,
    "prometheus": 0.6477377831558316,
    "python": 0.6472987755869825,
    "typescript": 0.6463427258410158,
    "terraform": 0.6462670808298333,
    "docker": 0.6454708031496016,
    "power bi": 0.645077145681458,
    "prd": 0.6447597408125955,
    "english": 0.6430763892493637,
    "machine learning": 0.6427024244190559,
    "data visualization": 0.6415799861697887,
    "network security": 0.6406817038261664,
    "aws": 0.6405865130910644,
    "mysql": 0.6385481159763305,
    "figma": 0.638384676034326,
    "soc": 0.6383291031476112,
    "siem": 0.6375870616815579,
    "git": 0.6361487042674624,
    "ai/ml": 0.6359729749906501,
    "linux": 0.6348492695185912,
    "ci/cd": 0.6345364113986295,
    "api testing": 0.6343784201119709,
    "penetration testing": 0.6343037160906446,
    "performance testing": 0.6314038388625386,
    "user research": 0.6306553492748043,
    "a/b testing": 0.6302795630154545,
    "javascript": 0.6283190366136604,
    "agile": 0.6278885210223485,
    "product strategy": 0.6278351444652535,
    "tableau": 0.6275199794291795,
    "cryptography": 0.6273091449015704,
    "data analysis": 0.6272226904848427,
    "sql": 0.6268886215168288,
    "computer vision": 0.6257112804201234,
    "excel": 0.6240173172692651,
    "selenium": 0.6205437550472831,
    "grafana": 0.6194444005440475,
    "nosql": 0.6176437939961144,
    "azure": 0.616493720968768,
    "vue.js": 0.6164416242211698,
    "kubernetes": 0.6162236156456219,
    "native": 0.6155699611554756,
    "spring": 0.6154079303030267,
    "oracle": 0.6151275871786004,
    "numpy": 0.6151167555907844,
    "rust": 0.614929370771009,
    "hadoop": 0.61492138119413,
    "maven": 0.6149038671363632,
    "golang": 0.6148853115102226,
    "confluence": 0.614848408945658,
    "react.js": 0.6147011842483195,
    "api": 0.6145444523190229,
    "angular": 0.6145249429659905,
    "mongodb": 0.6145150171118958,
    "scrum": 0.6144600380126879,
    "restful": 0.6144302659256435,
    "gcp": 0.6138607418284809,
    "flask": 0.6138111391303487,
    "hibernate": 0.6137192925254472,
    "jenkins": 0.6135996470141245,
    "shell": 0.613502661390422,
    "django": 0.6134753579821521,
    "jira": 0.613442790543238,
    "junit": 0.6134233346254142,
    "postgresql": 0.6128669321605359,
    "graphql": 0.612511082233426,
    "bash": 0.6124621712089752,
    "general": 0.6118576697349919,
    "gradle": 0.6117461762487175,
    "flutter": 0.609142873131827,
    "c++": 0.6,
    "flink": 0.6,
    "bert": 0.6,
    "gpt": 0.6,
    "opencv": 0.6,
    "yolo": 0.6,
    "resnet": 0.6,
    "cuda": 0.6,
    "deepspeed": 0.6,
    "fine-tuning": 0.6,
    "mlflow": 0.6,
    "微服务": 0.6,
    "etcd": 0.6,
    "rpc": 0.6,
    "netty": 0.6,
    "rocketmq": 0.6,
    "dubbo": 0.6,
    "spring cloud": 0.6,
    "paxos": 0.6,
    "raft": 0.6,
    "clickhouse": 0.6,
    "powerbi": 0.6,
    "用户增长": 0.6,
    "产品战略": 0.6,
    "搜索": 0.6,
    "用户研究": 0.6,
    "a/b测试": 0.6,
    "数据分析": 0.6,
    "裂变": 0.6,
    "用户分层": 0.6,
    "电商": 0.6,
    "crm": 0.6,
    "供应链": 0.6,
    "产品设计": 0.6,
    "axure": 0.6,
    "策略产品": 0.6,
    "定价": 0.6,
    "供需": 0.6,
    "roi": 0.6,
    "技术战略": 0.6,
    "团队管理": 0.6,
    "架构设计": 0.6,
    "千人团队": 0.6,
    "mybatis": 0.6,
    "jmeter": 0.6,
    "postman": 0.6,
    "zabbix": 0.6,
    "nginx": 0.6,
    "招聘": 0.6,
    "hris": 0.6,
    "员工关系": 0.6,
    "ppt": 0.6,
    "vba": 0.6,
    "sap": 0.6,
    "财务报表": 0.6,
    "预算管理": 0.6,
    "sketch": 0.6,
    "photoshop": 0.6,
    "illustrator": 0.6,
    "onnx": 0.6,
    "tensorrt": 0.6,
    "user growth": 0.6,
    "content strategy": 0.6,
    "team management": 0.6,
    "system design": 0.6
  },
  "trained_on": 324606,
  "rds_candidates": 10000
}